Explanation,Planner,Num_Perturbations,Perturbation_Type,Explanation_Stability,Faithfulness_Score,Planner_Robustness,Path_Length,Explanation_Time_s
Anchors,BFS,10,move,0.2333333333333333,0.35555555555555557,0.0,0.0,10.872638463973999
Anchors,BFS,10,remove,0.06666666666666667,0.35555555555555557,0.0,0.0,10.872638463973999
LIME,BFS,10,move,0.5666666666666667,0.06666666666666667,0.0,0.0,0.05846556027730306
LIME,BFS,10,remove,0.5,0.06666666666666667,0.0,0.0,0.05846556027730306
SHAP,BFS,10,move,0.5666666666666667,0.06666666666666667,0.0,0.0,0.4450066089630127
SHAP,BFS,10,remove,0.5,0.06666666666666667,0.0,0.0,0.4450066089630127
